{"count":1,"self":120.53152,"total":265.6474245,"children":{"InitializeActuators":{"count":24,"self":0.00051459999999999993,"total":0.00051459999999999993,"children":null},"InitializeSensors":{"count":24,"self":0.001506,"total":0.001506,"children":null},"AgentSendState":{"count":103251,"self":15.695721599999999,"total":19.5868352,"children":{"CollectObservations":{"count":247812,"self":0.50165609999999994,"total":0.50165609999999994,"children":null},"WriteActionMask":{"count":247812,"self":0.0943859,"total":0.0943859,"children":null},"RequestDecision":{"count":247812,"self":0.5238973,"total":3.2950708,"children":{"AgentInfo.ToProto":{"count":247812,"self":0.4102529,"total":2.7711734999999997,"children":{"GenerateSensorData":{"count":247812,"self":1.8969992,"total":2.3609206,"children":{"RayPerceptionSensor.Perceive":{"count":495624,"self":0.4639215,"total":0.4639215,"children":null}}}}}}}}},"DecideAction":{"count":103251,"self":124.7228032,"total":124.7228052,"children":null},"AgentAct":{"count":103251,"self":0.77974349999999992,"total":0.77974349999999992,"children":null},"AgentInfo.ToProto":{"count":975,"self":0.0060805,"total":0.0234687,"children":{"GenerateSensorData":{"count":975,"self":0.012769599999999999,"total":0.0173882,"children":{"RayPerceptionSensor.Perceive":{"count":1950,"self":0.0046186,"total":0.0046186,"children":null}}}}}},"gauges":{"KartAI.CumulativeReward":{"count":975,"max":1951.60474,"min":-12.99501,"runningAverage":431.033081,"value":653.5947,"weightedAverage":348.992249}},"metadata":{"timer_format_version":"0.1.0","start_time_seconds":"1732629981","unity_version":"2022.3.38f1","command_line_arguments":"C:\\Program Files\\Unity\\Hub\\Editor\\2022.3.38f1\\Editor\\Unity.exe -projectpath D:\\GitHub\\kart-game\\Kart Proj -useHub -hubIPC -cloudEnvironment production -licensingIpc LicenseClient-alexa -hubSessionId d02ae732-bcef-4ed5-acc6-745667944235 -accessToken lvWtfC7KW306sNX10QOnSPrKhNL8ECmFcQfmkZzA3Ls001f","communication_protocol_version":"1.5.0","com.unity.ml-agents_version":"2.0.1","scene_name":"AI track","end_time_seconds":"1732630246"}}