{"count":1,"self":592.5551616,"total":2063.3991286,"children":{"InitializeActuators":{"count":24,"self":0.0009991,"total":0.0009991,"children":null},"InitializeSensors":{"count":24,"self":0.0035862999999999997,"total":0.0035862999999999997,"children":null},"AgentSendState":{"count":963167,"self":222.85276159999998,"total":259.5407204,"children":{"CollectObservations":{"count":2311608,"self":4.694726,"total":4.6947259,"children":null},"WriteActionMask":{"count":2311608,"self":1.0125564999999999,"total":1.0125564999999999,"children":null},"RequestDecision":{"count":2311608,"self":5.0629468,"total":30.980670399999997,"children":{"AgentInfo.ToProto":{"count":2311608,"self":4.2758351999999995,"total":25.9177237,"children":{"GenerateSensorData":{"count":2311608,"self":17.0697152,"total":21.6418884,"children":{"RayPerceptionSensor.Perceive":{"count":4623216,"self":4.5721728,"total":4.5721729999999994,"children":null}}}}}}}}},"DecideAction":{"count":963167,"self":1202.2279168,"total":1202.2279402,"children":null},"AgentAct":{"count":963167,"self":8.8774383999999991,"total":8.8774383999999991,"children":null},"AgentInfo.ToProto":{"count":6787,"self":0.0444624,"total":0.1922934,"children":{"GenerateSensorData":{"count":6787,"self":0.11975269999999999,"total":0.147831,"children":{"RayPerceptionSensor.Perceive":{"count":13574,"self":0.028078299999999997,"total":0.028078299999999997,"children":null}}}}}},"gauges":{"KartAI.CumulativeReward":{"count":6787,"max":661.829834,"min":-8.144998,"runningAverage":529.3238,"value":660.638855,"weightedAverage":660.5595}},"metadata":{"timer_format_version":"0.1.0","start_time_seconds":"1728836444","unity_version":"2022.3.38f1","command_line_arguments":"C:\\Program Files\\Unity\\Hub\\Editor\\2022.3.38f1\\Editor\\Unity.exe -projectpath D:\\GitHub\\kart-game\\Kart Proj -useHub -hubIPC -cloudEnvironment production -licensingIpc LicenseClient-alexa -hubSessionId 72dc8fee-5cae-4b5a-88a1-f24cc949edea -accessToken 7aXtgSX0tVPPhuwdhrE1B-8VrbM1xEoRDrO7JE6md10001f","communication_protocol_version":"1.5.0","com.unity.ml-agents_version":"2.0.1","scene_name":"AI track","end_time_seconds":"1728838507"}}