{"count":1,"self":11.9380384,"total":12.074839599999999,"children":{"InitializeActuators":{"count":24,"self":0.0015308,"total":0.0015308,"children":null},"InitializeSensors":{"count":24,"self":0.0010253999999999999,"total":0.0010253999999999999,"children":null},"AgentSendState":{"count":197,"self":0.0305052,"total":0.0433024,"children":{"CollectObservations":{"count":480,"self":0.00051229999999999993,"total":0.00051229999999999993,"children":null},"WriteActionMask":{"count":480,"self":0.00050309999999999992,"total":0.00050309999999999992,"children":null},"RequestDecision":{"count":480,"self":0.0117818,"total":0.0117818,"children":null}}},"DecideAction":{"count":197,"self":0.086063199999999992,"total":0.0887545,"children":{"RayPerceptionSensor.Perceive":{"count":960,"self":0.0026912999999999998,"total":0.0026912999999999998,"children":null}}},"AgentAct":{"count":197,"self":0.0021883,"total":0.0021883,"children":null}},"gauges":{},"metadata":{"timer_format_version":"0.1.0","start_time_seconds":"1733326897","unity_version":"2022.3.38f1","command_line_arguments":"C:\\Program Files\\Unity\\Hub\\Editor\\2022.3.38f1\\Editor\\Unity.exe -projectpath D:\\GitHub\\kart-game\\Kart Proj -useHub -hubIPC -cloudEnvironment production -licensingIpc LicenseClient-alexa -hubSessionId e9938876-2e7e-4197-aea9-5895863b80a1 -accessToken -HySE_2hX-4teUsGhd3DcYwUcnRqv-jvGZDOPQBJj2o001f","communication_protocol_version":"1.5.0","com.unity.ml-agents_version":"2.0.1","scene_name":"AI track","end_time_seconds":"1733326909"}}