{"count":1,"self":6789.6123392,"total":6792.1331943,"children":{"InitializeActuators":{"count":24,"self":0.0010109,"total":0.0010109,"children":null},"InitializeSensors":{"count":24,"self":0.0015222,"total":0.0015222,"children":null},"AgentSendState":{"count":6325,"self":0.9686692,"total":1.0362179,"children":{"CollectObservations":{"count":15180,"self":0.029438699999999998,"total":0.029438699999999998,"children":null},"WriteActionMask":{"count":15180,"self":0.0065803999999999993,"total":0.0065803999999999993,"children":null},"RequestDecision":{"count":15180,"self":0.0315296,"total":0.0315296,"children":null}}},"DecideAction":{"count":6325,"self":1.3987578999999999,"total":1.4305596,"children":{"RayPerceptionSensor.Perceive":{"count":30360,"self":0.031801699999999995,"total":0.031801699999999995,"children":null}}},"AgentAct":{"count":6325,"self":0.051340399999999994,"total":0.051340399999999994,"children":null}},"gauges":{"KartAI.CumulativeReward":{"count":15,"max":289.858826,"min":41.6431046,"runningAverage":150.554352,"value":285.2312,"weightedAverage":240.89447}},"metadata":{"timer_format_version":"0.1.0","start_time_seconds":"1734392955","unity_version":"2022.3.38f1","command_line_arguments":"C:\\Program Files\\Unity\\Hub\\Editor\\2022.3.38f1\\Editor\\Unity.exe -projectpath C:\\Users\\rfigu\\Documents\\GitHub\\kart-game\\Kart Proj -useHub -hubIPC -cloudEnvironment production -licensingIpc LicenseClient-rfigu -hubSessionId f4a22425-ae91-4db9-872b-9b08a032f082 -accessToken jnuFQe-sqHudsLiv18qzie9coGRzF8d22MPgbVKwqZ4006f","communication_protocol_version":"1.5.0","com.unity.ml-agents_version":"2.0.1","scene_name":"Character Select","end_time_seconds":"1734399747"}}