{"count":1,"self":1078.3332352,"total":4419.28144,"children":{"InitializeActuators":{"count":48,"self":0.001503,"total":0.001503,"children":null},"InitializeSensors":{"count":48,"self":0.0020044,"total":0.0020044,"children":null},"AgentSendState":{"count":1086067,"self":1213.4562816,"total":1299.4212238999999,"children":{"CollectObservations":{"count":5213136,"self":11.766575999999999,"total":11.7665761,"children":null},"WriteActionMask":{"count":5213136,"self":2.4655226,"total":2.4655226,"children":null},"RequestDecision":{"count":5213136,"self":11.258270399999999,"total":71.7328648,"children":{"AgentInfo.ToProto":{"count":5213136,"self":9.727910399999999,"total":60.474594599999996,"children":{"GenerateSensorData":{"count":5213136,"self":40.6244832,"total":50.7466839,"children":{"RayPerceptionSensor.Perceive":{"count":10426272,"self":10.1222,"total":10.122200099999999,"children":null}}}}}}}}},"DecideAction":{"count":1086067,"self":2025.2532735999998,"total":2025.253242,"children":null},"AgentAct":{"count":1086067,"self":15.629625599999999,"total":15.629625599999999,"children":null},"AgentInfo.ToProto":{"count":24898,"self":0.1655043,"total":0.6405602,"children":{"GenerateSensorData":{"count":24898,"self":0.3777737,"total":0.4750559,"children":{"RayPerceptionSensor.Perceive":{"count":49796,"self":0.0972822,"total":0.0972822,"children":null}}}}}},"gauges":{"KartAI.CumulativeReward":{"count":24898,"max":514.045654,"min":-18.4550877,"runningAverage":117.268372,"value":439.7855,"weightedAverage":352.235748}},"metadata":{"timer_format_version":"0.1.0","start_time_seconds":"1732821731","unity_version":"2022.3.38f1","command_line_arguments":"C:\\Program Files\\Unity\\Hub\\Editor\\2022.3.38f1\\Editor\\Unity.exe -projectpath D:\\GitHub\\kart-game\\Kart Proj -useHub -hubIPC -cloudEnvironment production -licensingIpc LicenseClient-alexa -hubSessionId 5b8faf11-d406-42fb-b82b-76ac5b311055 -accessToken oALqiMyXgPt4hQv1J2bHorxFXzpTNbZsCCXa5NGX6dQ001f","communication_protocol_version":"1.5.0","com.unity.ml-agents_version":"2.0.1","scene_name":"Pista 1","end_time_seconds":"1732826150"}}