{"count":1,"self":344.0617984,"total":346.3218796,"children":{"InitializeActuators":{"count":24,"self":0.0042946999999999994,"total":0.0042946999999999994,"children":null},"InitializeSensors":{"count":24,"self":0.0015061999999999999,"total":0.0015061999999999999,"children":null},"AgentSendState":{"count":16876,"self":1.1457108,"total":1.211581,"children":{"CollectObservations":{"count":14544,"self":0.035602999999999996,"total":0.035602999999999996,"children":null},"WriteActionMask":{"count":14544,"self":0.006096,"total":0.006096,"children":null},"RequestDecision":{"count":14544,"self":0.0241712,"total":0.0241712,"children":null}}},"DecideAction":{"count":16876,"self":0.92994159999999992,"total":0.9798971,"children":{"RayPerceptionSensor.Perceive":{"count":29088,"self":0.0499555,"total":0.0499555,"children":null}}},"AgentAct":{"count":16876,"self":0.062306099999999996,"total":0.062306099999999996,"children":null}},"gauges":{"KartAI.CumulativeReward":{"count":14,"max":289.40744,"min":5.23998642,"runningAverage":150.724335,"value":284.2506,"weightedAverage":218.460022}},"metadata":{"timer_format_version":"0.1.0","start_time_seconds":"1734054647","unity_version":"2022.3.38f1","command_line_arguments":"C:\\Program Files\\Unity\\Hub\\Editor\\2022.3.38f1\\Editor\\Unity.exe -projectpath D:\\GitHub\\kart-game\\Kart Proj -useHub -hubIPC -cloudEnvironment production -licensingIpc LicenseClient-alexa -hubSessionId 83f12fc5-42a0-4e2c-9f1f-37534ee5bc11 -accessToken hhNOMl368ozeojuwLIkYz1tEATAGSwiqLpEmszs894Y001f","communication_protocol_version":"1.5.0","com.unity.ml-agents_version":"2.0.1","scene_name":"Pista 2","end_time_seconds":"1734054993"}}