{"count":1,"self":80.121823999999989,"total":82.6821099,"children":{"InitializeActuators":{"count":26,"self":0.0010197,"total":0.0010197,"children":null},"InitializeSensors":{"count":26,"self":0.0025959999999999998,"total":0.0025959999999999998,"children":null},"AgentSendState":{"count":2875,"self":0.9353692,"total":1.000491,"children":{"CollectObservations":{"count":7475,"self":0.025193499999999997,"total":0.025193499999999997,"children":null},"WriteActionMask":{"count":7475,"self":0.009819099999999999,"total":0.009819099999999999,"children":null},"RequestDecision":{"count":7475,"self":0.0301092,"total":0.0301092,"children":null}}},"DecideAction":{"count":2875,"self":1.428262,"total":1.4590352,"children":{"RayPerceptionSensor.Perceive":{"count":14950,"self":0.030773199999999997,"total":0.030773199999999997,"children":null}}},"AgentAct":{"count":2875,"self":0.096126599999999993,"total":0.096126599999999993,"children":null}},"gauges":{"KartAI.CumulativeReward":{"count":29,"max":408.363,"min":-6.381004,"runningAverage":333.5158,"value":403.7292,"weightedAverage":255.689377}},"metadata":{"timer_format_version":"0.1.0","start_time_seconds":"1728574367","unity_version":"2022.3.38f1","command_line_arguments":"C:\\Program Files\\Unity\\Hub\\Editor\\2022.3.38f1\\Editor\\Unity.exe -projectpath C:\\Users\\alexa\\Documents\\GitHub\\kart-game\\Kart Proj -useHub -hubIPC -cloudEnvironment production -licensingIpc LicenseClient-alexa -hubSessionId 674831e5-459c-4ab6-b96e-105ad099437b -accessToken iOjtSfPhhNvW7WbQptm9nDKthzwSoalhsyMoPPVuYqw001f","communication_protocol_version":"1.5.0","com.unity.ml-agents_version":"2.0.1","scene_name":"testingobjects","end_time_seconds":"1728574450"}}