{"count":1,"self":736.86272,"total":2626.994901,"children":{"InitializeActuators":{"count":20,"self":0.0015048,"total":0.0015048,"children":null},"InitializeSensors":{"count":20,"self":0.0031758999999999997,"total":0.0031758999999999997,"children":null},"AgentSendState":{"count":1234251,"self":129.03448319999998,"total":172.5690952,"children":{"CollectObservations":{"count":2468510,"self":5.7990851999999995,"total":5.7990853,"children":null},"WriteActionMask":{"count":2468510,"self":1.1226836999999998,"total":1.1226836999999998,"children":null},"RequestDecision":{"count":2468510,"self":5.9379472,"total":36.6128413,"children":{"AgentInfo.ToProto":{"count":2468510,"self":5.1509944,"total":30.674893899999997,"children":{"GenerateSensorData":{"count":2468510,"self":20.5189408,"total":25.523899399999998,"children":{"RayPerceptionSensor.Perceive":{"count":4937020,"self":5.0049592,"total":5.0049594,"children":null}}}}}}}}},"DecideAction":{"count":1234251,"self":1706.1054464,"total":1706.1054629999999,"children":null},"AgentAct":{"count":1234251,"self":11.2480608,"total":11.248060899999999,"children":null},"AgentInfo.ToProto":{"count":6800,"self":0.0508917,"total":0.20385999999999999,"children":{"GenerateSensorData":{"count":6800,"self":0.1236216,"total":0.1529683,"children":{"RayPerceptionSensor.Perceive":{"count":13600,"self":0.0293467,"total":0.0293467,"children":null}}}}}},"gauges":{"KartAI.CumulativeReward":{"count":6800,"max":747.811768,"min":-198.027725,"runningAverage":433.3159,"value":745.911255,"weightedAverage":659.922058}},"metadata":{"timer_format_version":"0.1.0","start_time_seconds":"1728174680","unity_version":"2022.3.38f1","command_line_arguments":"C:\\Program Files\\Unity\\Hub\\Editor\\2022.3.38f1\\Editor\\Unity.exe -projectpath D:\\GitHub\\kart-game\\Kart Proj -useHub -hubIPC -cloudEnvironment production -licensingIpc LicenseClient-alexa -hubSessionId ed389fb7-6761-4815-8258-0b7bcd9ddd9a -accessToken EZIf0kFU3VjmAr6isdzgNNy76lXOZXgxP7Mb-BtFCes001f","communication_protocol_version":"1.5.0","com.unity.ml-agents_version":"2.0.1","scene_name":"testingobjects","end_time_seconds":"1728177307"}}