{
    "name": "root",
    "metadata": {
        "timer_format_version": "0.1.0",
        "start_time_seconds": "1731163411",
        "python_version": "3.10.8 (tags/v3.10.8:aaaf517, Oct 11 2022, 16:50:30) [MSC v.1933 64 bit (AMD64)]",
        "command_line_arguments": "D:\\GitHub\\kart-game\\Kart Proj\\venv\\Scripts\\mlagents-learn D:\\GitHub\\kart-game\\Kart Proj\\configuration.yaml",
        "mlagents_version": "1.1.0",
        "mlagents_envs_version": "1.1.0",
        "communication_protocol_version": "1.5.0",
        "pytorch_version": "2.4.1+cpu",
        "numpy_version": "1.23.5",
        "end_time_seconds": "1731170513"
    },
    "total": 7102.219069299987,
    "count": 1,
    "self": 0.003981699992436916,
    "children": {
        "run_training.setup": {
            "total": 0.0828036000020802,
            "count": 1,
            "self": 0.0828036000020802
        },
        "TrainerController.start_learning": {
            "total": 7102.132283999992,
            "count": 1,
            "self": 17.16116377641447,
            "children": {
                "TrainerController._reset_env": {
                    "total": 4.568037300021388,
                    "count": 1,
                    "self": 4.568037300021388
                },
                "TrainerController.advance": {
                    "total": 7080.3546249235515,
                    "count": 709414,
                    "self": 7.893425322545227,
                    "children": {
                        "env_step": {
                            "total": 7072.461199601006,
                            "count": 709414,
                            "self": 5651.435851215152,
                            "children": {
                                "SubprocessEnvManager._take_step": {
                                    "total": 1412.865489715361,
                                    "count": 709414,
                                    "self": 41.45185690722428,
                                    "children": {
                                        "TorchPolicy.evaluate": {
                                            "total": 1371.4136328081368,
                                            "count": 689947,
                                            "self": 1371.4136328081368
                                        }
                                    }
                                },
                                "workers": {
                                    "total": 8.159858670493122,
                                    "count": 709413,
                                    "self": 0.0,
                                    "children": {
                                        "worker_root": {
                                            "total": 7009.512298916874,
                                            "count": 709413,
                                            "is_parallel": true,
                                            "self": 2690.661966655636,
                                            "children": {
                                                "steps_from_proto": {
                                                    "total": 0.00046259997179731727,
                                                    "count": 1,
                                                    "is_parallel": true,
                                                    "self": 7.949996506795287e-05,
                                                    "children": {
                                                        "_process_rank_one_or_two_observation": {
                                                            "total": 0.0003831000067293644,
                                                            "count": 6,
                                                            "is_parallel": true,
                                                            "self": 0.0003831000067293644
                                                        }
                                                    }
                                                },
                                                "UnityEnvironment.step": {
                                                    "total": 4318.849869661266,
                                                    "count": 709413,
                                                    "is_parallel": true,
                                                    "self": 102.70728004910052,
                                                    "children": {
                                                        "UnityEnvironment._generate_step_input": {
                                                            "total": 106.62978010211373,
                                                            "count": 709413,
                                                            "is_parallel": true,
                                                            "self": 106.62978010211373
                                                        },
                                                        "communicator.exchange": {
                                                            "total": 3861.337486614473,
                                                            "count": 709413,
                                                            "is_parallel": true,
                                                            "self": 3861.337486614473
                                                        },
                                                        "steps_from_proto": {
                                                            "total": 248.17532289557857,
                                                            "count": 709413,
                                                            "is_parallel": true,
                                                            "self": 57.708348642860074,
                                                            "children": {
                                                                "_process_rank_one_or_two_observation": {
                                                                    "total": 190.4669742527185,
                                                                    "count": 4256478,
                                                                    "is_parallel": true,
                                                                    "self": 190.4669742527185
                                                                }
                                                            }
                                                        }
                                                    }
                                                }
                                            }
                                        }
                                    }
                                }
                            }
                        }
                    }
                },
                "TrainerController._save_models": {
                    "total": 0.048458000004757196,
                    "count": 1,
                    "self": 0.001095700019504875,
                    "children": {
                        "RLTrainer._checkpoint": {
                            "total": 0.04736229998525232,
                            "count": 1,
                            "self": 0.04736229998525232
                        }
                    }
                }
            }
        }
    }
}