{
    "name": "root",
    "gauges": {
        "KartAI.Policy.Entropy.mean": {
            "value": 0.0983864888548851,
            "min": 0.09802798926830292,
            "max": 1.4189382791519165,
            "count": 418
        },
        "KartAI.Policy.Entropy.sum": {
            "value": 1088.548095703125,
            "min": 858.5711669921875,
            "max": 18134.03125,
            "count": 418
        },
        "KartAI.Environment.EpisodeLength.mean": {
            "value": 530.0909090909091,
            "min": 124.53125,
            "max": 591.2857142857143,
            "count": 418
        },
        "KartAI.Environment.EpisodeLength.sum": {
            "value": 11662.0,
            "min": 3391.0,
            "max": 17909.0,
            "count": 418
        },
        "KartAI.Step.mean": {
            "value": 5015611.0,
            "min": 11921.0,
            "max": 5015611.0,
            "count": 418
        },
        "KartAI.Step.sum": {
            "value": 5015611.0,
            "min": 11921.0,
            "max": 5015611.0,
            "count": 418
        },
        "KartAI.Policy.ExtrinsicValueEstimate.mean": {
            "value": 253.78224182128906,
            "min": -0.037701912224292755,
            "max": 272.4003601074219,
            "count": 418
        },
        "KartAI.Policy.ExtrinsicValueEstimate.sum": {
            "value": 5583.20947265625,
            "min": -3.581681728363037,
            "max": 6287.4169921875,
            "count": 418
        },
        "KartAI.Environment.CumulativeReward.mean": {
            "value": 1668.7632661299272,
            "min": 20.010881057538484,
            "max": 1923.684105282738,
            "count": 418
        },
        "KartAI.Environment.CumulativeReward.sum": {
            "value": 36712.7918548584,
            "min": 1901.033700466156,
            "max": 41116.398834228516,
            "count": 418
        },
        "KartAI.Policy.ExtrinsicReward.mean": {
            "value": 1668.7632661299272,
            "min": 20.010881057538484,
            "max": 1923.684105282738,
            "count": 418
        },
        "KartAI.Policy.ExtrinsicReward.sum": {
            "value": 36712.7918548584,
            "min": 1901.033700466156,
            "max": 41116.398834228516,
            "count": 418
        },
        "KartAI.IsTraining.mean": {
            "value": 1.0,
            "min": 1.0,
            "max": 1.0,
            "count": 418
        },
        "KartAI.IsTraining.sum": {
            "value": 1.0,
            "min": 1.0,
            "max": 1.0,
            "count": 418
        },
        "KartAI.Losses.PolicyLoss.mean": {
            "value": 0.07095456557277677,
            "min": 0.06314781842792096,
            "max": 0.08110005017076592,
            "count": 408
        },
        "KartAI.Losses.PolicyLoss.sum": {
            "value": 0.07095456557277677,
            "min": 0.06314781842792096,
            "max": 0.08110005017076592,
            "count": 408
        },
        "KartAI.Losses.ValueLoss.mean": {
            "value": 1146.245672446273,
            "min": 42.546989313761394,
            "max": 1368.3127932739258,
            "count": 408
        },
        "KartAI.Losses.ValueLoss.sum": {
            "value": 1146.245672446273,
            "min": 42.546989313761394,
            "max": 1368.3127932739258,
            "count": 408
        },
        "KartAI.Policy.LearningRate.mean": {
            "value": 0.000296995489001504,
            "min": 0.000296995489001504,
            "max": 0.0002999927694024101,
            "count": 408
        },
        "KartAI.Policy.LearningRate.sum": {
            "value": 0.000296995489001504,
            "min": 0.000296995489001504,
            "max": 0.0002999927694024101,
            "count": 408
        },
        "KartAI.Policy.Epsilon.mean": {
            "value": 0.19899849600000002,
            "min": 0.19899849600000002,
            "max": 0.19999758979999996,
            "count": 408
        },
        "KartAI.Policy.Epsilon.sum": {
            "value": 0.19899849600000002,
            "min": 0.19899849600000002,
            "max": 0.19999758979999996,
            "count": 408
        },
        "KartAI.Policy.Beta.mean": {
            "value": 0.0009900851104,
            "min": 0.0009900851104,
            "max": 0.0009999761390200002,
            "count": 408
        },
        "KartAI.Policy.Beta.sum": {
            "value": 0.0009900851104,
            "min": 0.0009900851104,
            "max": 0.0009999761390200002,
            "count": 408
        }
    },
    "metadata": {
        "timer_format_version": "0.1.0",
        "start_time_seconds": "1732668778",
        "python_version": "3.10.8 (tags/v3.10.8:aaaf517, Oct 11 2022, 16:50:30) [MSC v.1933 64 bit (AMD64)]",
        "command_line_arguments": "D:\\GitHub\\kart-game\\Kart Proj\\venv\\Scripts\\mlagents-learn D:\\GitHub\\kart-game\\Kart Proj\\configuration.yaml",
        "mlagents_version": "1.1.0",
        "mlagents_envs_version": "1.1.0",
        "communication_protocol_version": "1.5.0",
        "pytorch_version": "2.4.1+cpu",
        "numpy_version": "1.23.5",
        "end_time_seconds": "1732673586"
    },
    "total": 4807.384523399989,
    "count": 1,
    "self": 0.004642999992938712,
    "children": {
        "run_training.setup": {
            "total": 0.06959230000211392,
            "count": 1,
            "self": 0.06959230000211392
        },
        "TrainerController.start_learning": {
            "total": 4807.310288099994,
            "count": 1,
            "self": 11.870858902737382,
            "children": {
                "TrainerController._reset_env": {
                    "total": 4.856315500001074,
                    "count": 1,
                    "self": 4.856315500001074
                },
                "TrainerController.advance": {
                    "total": 4790.545470197263,
                    "count": 430013,
                    "self": 5.153291493130382,
                    "children": {
                        "env_step": {
                            "total": 4785.392178704133,
                            "count": 430013,
                            "self": 3857.3259053052752,
                            "children": {
                                "SubprocessEnvManager._take_step": {
                                    "total": 922.4793735000276,
                                    "count": 430014,
                                    "self": 28.382798599472153,
                                    "children": {
                                        "TorchPolicy.evaluate": {
                                            "total": 894.0965749005554,
                                            "count": 418344,
                                            "self": 894.0965749005554
                                        }
                                    }
                                },
                                "workers": {
                                    "total": 5.58689989882987,
                                    "count": 430012,
                                    "self": 0.0,
                                    "children": {
                                        "worker_root": {
                                            "total": 4775.548883899843,
                                            "count": 430012,
                                            "is_parallel": true,
                                            "self": 1783.439297815581,
                                            "children": {
                                                "steps_from_proto": {
                                                    "total": 0.0007150999881559983,
                                                    "count": 2,
                                                    "is_parallel": true,
                                                    "self": 0.0001534999901195988,