{
    "name": "root",
    "gauges": {
        "KartAI.Policy.Entropy.mean": {
            "value": -0.7074164748191833,
            "min": -0.7198289632797241,
            "max": -0.4386964738368988,
            "count": 1462
        },
        "KartAI.Policy.Entropy.sum": {
            "value": -9083.2275390625,
            "min": -10022.689453125,
            "max": -2538.747314453125,
            "count": 1462
        },
        "KartAI.Environment.EpisodeLength.mean": {
            "value": 1092.0,
            "min": 118.57425742574257,
            "max": 1187.1,
            "count": 1462
        },
        "KartAI.Environment.EpisodeLength.sum": {
            "value": 12012.0,
            "min": 3373.0,
            "max": 17096.0,
            "count": 1462
        },
        "KartAI.Step.mean": {
            "value": 27539297.0,
            "min": 10007193.0,
            "max": 27539297.0,
            "count": 1462
        },
        "KartAI.Step.sum": {
            "value": 27539297.0,
            "min": 10007193.0,
            "max": 27539297.0,
            "count": 1462
        },
        "KartAI.Policy.ExtrinsicValueEstimate.mean": {
            "value": 25.093544006347656,
            "min": 0.04261314123868942,
            "max": 25.94602394104004,
            "count": 1462
        },
        "KartAI.Policy.ExtrinsicValueEstimate.sum": {
            "value": 526.9644165039062,
            "min": 4.303927421569824,
            "max": 737.741455078125,
            "count": 1462
        },
        "KartAI.Environment.CumulativeReward.mean": {
            "value": 286.55436290394175,
            "min": 8.350815124118451,
            "max": 292.37250995635986,
            "count": 1462
        },
        "KartAI.Environment.CumulativeReward.sum": {
            "value": 3152.0979919433594,
            "min": 807.1558990478516,
            "max": 3824.3039717674255,
            "count": 1462
        },
        "KartAI.Policy.ExtrinsicReward.mean": {
            "value": 286.55436290394175,
            "min": 8.350815124118451,
            "max": 292.37250995635986,
            "count": 1462
        },
        "KartAI.Policy.ExtrinsicReward.sum": {
            "value": 3152.0979919433594,
            "min": 807.1558990478516,
            "max": 3824.3039717674255,
            "count": 1462
        },
        "KartAI.IsTraining.mean": {
            "value": 1.0,
            "min": 1.0,
            "max": 1.0,
            "count": 1462
        },
        "KartAI.IsTraining.sum": {
            "value": 1.0,
            "min": 1.0,
            "max": 1.0,
            "count": 1462
        },
        "KartAI.Losses.PolicyLoss.mean": {
            "value": 0.07431854368289209,
            "min": 0.06294831180615196,
            "max": 0.17308331146632555,
            "count": 1415
        },
        "KartAI.Losses.PolicyLoss.sum": {
            "value": 0.07431854368289209,
            "min": 0.06294831180615196,
            "max": 0.17308331146632555,
            "count": 1415
        },
        "KartAI.Losses.ValueLoss.mean": {
            "value": 2.932098679365078,
            "min": 0.39840910881757735,
            "max": 7.004478548226183,
            "count": 1415
        },
        "KartAI.Losses.ValueLoss.sum": {
            "value": 2.932098679365078,
            "min": 0.39840910881757735,
            "max": 7.004478548226183,
            "count": 1415
        },
        "KartAI.Policy.LearningRate.mean": {
            "value": 0.0002834798089067321,
            "min": 0.0002834798089067321,
            "max": 0.00029399265140245013,
            "count": 1415
        },
        "KartAI.Policy.LearningRate.sum": {
            "value": 0.0002834798089067321,
            "min": 0.0002834798089067321,
            "max": 0.00029399265140245013,
            "count": 1415
        },
        "KartAI.Policy.Epsilon.mean": {
            "value": 0.1944932678,
            "min": 0.1944932678,
            "max": 0.19799754979999998,
            "count": 1415
        },
        "KartAI.Policy.Epsilon.sum": {
            "value": 0.1944932678,
            "min": 0.1944932678,
            "max": 0.19799754979999998,
            "count": 1415
        },
        "KartAI.Policy.Beta.mean": {
            "value": 0.0009454833512199998,
            "min": 0.0009454833512199998,
            "max": 0.0009801757430199997,
            "count": 1415
        },
        "KartAI.Policy.Beta.sum": {
            "value": 0.0009454833512199998,
            "min": 0.0009454833512199998,
            "max": 0.0009801757430199997,
            "count": 1415
        }
    },
    "metadata": {
        "timer_format_version": "0.1.0",
        "start_time_seconds": "1734010238",
        "python_version": "3.10.8 (tags/v3.10.8:aaaf517, Oct 11 2022, 16:50:30) [MSC v.1933 64 bit (AMD64)]",
        "command_line_arguments": "D:\\GitHub\\kart-game\\Kart Proj\\venv\\Scripts\\mlagents-learn D:\\GitHub\\kart-game\\Kart Proj\\configuration.yaml --resume",
        "mlagents_version": "1.1.0",
        "mlagents_envs_version": "1.1.0",
        "communication_protocol_version": "1.5.0",
        "pytorch_version": "2.4.1+cpu",
        "numpy_version": "1.23.5",
        "end_time_seconds": "1734027627"
    },
    "total": 17388.804635499997,
    "count": 1,
    "self": 0.011020599995390512,
    "children": {
        "run_training.setup": {
            "total": 0.1744468000033521,
            "count": 1,
            "self": 0.1744468000033521
        },
        "TrainerController.start_learning": {
            "total": 17388.6191681,
            "count": 1,
            "self": 35.61458659787604,
            "children": {
                "TrainerController._reset_env": {
                    "total": 15.221622100005334,
                    "count": 1,
                    "self": 15.221622100005334
                },
                "TrainerController.advance": {
                    "total": 17337.728673702106,
                    "count": 1487350,
                    "self": 15.301713193635806,
                    "children": {
                        "env_step": {
                            "total": 17322.42696050847,
                            "count": 1487350,
                            "self": 14627.609681895956,
                            "children": {
                                "SubprocessEnvManager._take_step": {
                                    "total": 2677.9324303968606,
                                    "count": 1487350,
                                    "self": 81.53712599776918,
                                    "children": {
                                        "TorchPolicy.evaluate": {
                                            "total": 2596.3953043990914,
                                            "count": 1462824,
                                            "self": 2596.3953043990914
                                        }
                                    }
                                },
                                "workers": {
                                    "total": 16.88484821565362,
                                    "count": 1487349,
                                    "self": 0.0,
                                    "children": {
                                        "worker_root": {
                                            "total": 17338.962081507438,
                                            "count": 1487349,
                                            "is_parallel": true,
                                            "self": 5305.36812270325,
                                            "children": {
                                                "steps_from_proto": {
                                                    "total": 0.008875999999872874,
                                                    "count": 1,
                                                    "is_parallel": true,