{
    "name": "root",
    "gauges": {
        "KartAI.Policy.Entropy.mean": {
            "value": 0.31428003311157227,
            "min": 0.25529924035072327,
            "max": 0.5042568445205688,
            "count": 1735
        },
        "KartAI.Policy.Entropy.sum": {
            "value": 4736.82861328125,
            "min": 472.3123474121094,
            "max": 9137.150390625,
            "count": 1735
        },
        "KartAI.Environment.EpisodeLength.mean": {
            "value": 992.4,
            "min": 192.46774193548387,
            "max": 1132.0,
            "count": 1735
        },
        "KartAI.Environment.EpisodeLength.sum": {
            "value": 9924.0,
            "min": 2177.0,
            "max": 18817.0,
            "count": 1735
        },
        "KartAI.Step.mean": {
            "value": 39215865.0,
            "min": 18407924.0,
            "max": 39215865.0,
            "count": 1735
        },
        "KartAI.Step.sum": {
            "value": 39215865.0,
            "min": 18407924.0,
            "max": 39215865.0,
            "count": 1735
        },
        "KartAI.Policy.ExtrinsicValueEstimate.mean": {
            "value": 503.81072998046875,
            "min": 216.2880096435547,
            "max": 516.0750122070312,
            "count": 1735
        },
        "KartAI.Policy.ExtrinsicValueEstimate.sum": {
            "value": 10580.025390625,
            "min": 7201.6279296875,
            "max": 14767.4111328125,
            "count": 1735
        },
        "KartAI.Environment.CumulativeReward.mean": {
            "value": 5791.045169067383,
            "min": 720.7021321635092,
            "max": 6342.467980957032,
            "count": 1735
        },
        "KartAI.Environment.CumulativeReward.sum": {
            "value": 57910.45169067383,
            "min": 30113.315185546875,
            "max": 99854.08004760742,
            "count": 1735
        },
        "KartAI.Policy.ExtrinsicReward.mean": {
            "value": 5791.045169067383,
            "min": 720.7021321635092,
            "max": 6342.467980957032,
            "count": 1735
        },
        "KartAI.Policy.ExtrinsicReward.sum": {
            "value": 57910.45169067383,
            "min": 30113.315185546875,
            "max": 99854.08004760742,
            "count": 1735
        },
        "KartAI.IsTraining.mean": {
            "value": 1.0,
            "min": 1.0,
            "max": 1.0,
            "count": 1735
        },
        "KartAI.IsTraining.sum": {
            "value": 1.0,
            "min": 1.0,
            "max": 1.0,
            "count": 1735
        },
        "KartAI.Losses.PolicyLoss.mean": {
            "value": 0.07005648664123466,
            "min": 0.06142162029909916,
            "max": 0.3094586413322564,
            "count": 1676
        },
        "KartAI.Losses.PolicyLoss.sum": {
            "value": 0.07005648664123466,
            "min": 0.06142162029909916,
            "max": 0.3094586413322564,
            "count": 1676
        },
        "KartAI.Losses.ValueLoss.mean": {
            "value": 2164.8773025463315,
            "min": 145.64608379438812,
            "max": 3780.6271166911615,
            "count": 1676
        },
        "KartAI.Losses.ValueLoss.sum": {
            "value": 2164.8773025463315,
            "min": 145.64608379438812,
            "max": 3780.6271166911615,
            "count": 1676
        },
        "KartAI.Policy.LearningRate.mean": {
            "value": 0.00027647505724165015,
            "min": 0.00027647505724165015,
            "max": 0.000288953706682099,
            "count": 1676
        },
        "KartAI.Policy.LearningRate.sum": {
            "value": 0.00027647505724165015,
            "min": 0.00027647505724165015,
            "max": 0.000288953706682099,
            "count": 1676
        },
        "KartAI.Policy.Epsilon.mean": {
            "value": 0.19215834980000004,
            "min": 0.19215834980000004,
            "max": 0.19631790100000004,
            "count": 1676
        },
        "KartAI.Policy.Epsilon.sum": {
            "value": 0.19215834980000004,
            "min": 0.19215834980000004,
            "max": 0.19631790100000004,
            "count": 1676
        },
        "KartAI.Policy.Beta.mean": {
            "value": 0.0009223676630200001,
            "min": 0.0009223676630200001,
            "max": 0.0009635472198999998,
            "count": 1676
        },
        "KartAI.Policy.Beta.sum": {
            "value": 0.0009223676630200001,
            "min": 0.0009223676630200001,
            "max": 0.0009635472198999998,
            "count": 1676
        }
    },
    "metadata": {
        "timer_format_version": "0.1.0",
        "start_time_seconds": "1733234413",
        "python_version": "3.10.8 (tags/v3.10.8:aaaf517, Oct 11 2022, 16:50:30) [MSC v.1933 64 bit (AMD64)]",
        "command_line_arguments": "D:\\GitHub\\kart-game\\Kart Proj\\venv\\Scripts\\mlagents-learn D:\\GitHub\\kart-game\\Kart Proj\\configuration.yaml --resume",
        "mlagents_version": "1.1.0",
        "mlagents_envs_version": "1.1.0",
        "communication_protocol_version": "1.5.0",
        "pytorch_version": "2.4.1+cpu",
        "numpy_version": "1.23.5",
        "end_time_seconds": "1733250046"
    },
    "total": 15633.195474000007,
    "count": 1,
    "self": 0.004307900031562895,
    "children": {
        "run_training.setup": {
            "total": 0.0818784000002779,
            "count": 1,
            "self": 0.0818784000002779
        },
        "TrainerController.start_learning": {
            "total": 15633.109287699976,
            "count": 1,
            "self": 21.286478873633314,
            "children": {
                "TrainerController._reset_env": {
                    "total": 11.334660699998494,
                    "count": 1,
                    "self": 11.334660699998494
                },
                "TrainerController.advance": {
                    "total": 15600.437791326374,
                    "count": 895035,
                    "self": 9.82196102803573,
                    "children": {
                        "env_step": {
                            "total": 15590.615830298339,
                            "count": 895035,
                            "self": 13261.268849142303,
                            "children": {
                                "SubprocessEnvManager._take_step": {
                                    "total": 2318.8946858467534,
                                    "count": 895035,
                                    "self": 63.08044176158728,
                                    "children": {
                                        "TorchPolicy.evaluate": {
                                            "total": 2255.814244085166,
                                            "count": 868026,
                                            "self": 2255.814244085166
                                        }
                                    }
                                },
                                "workers": {
                                    "total": 10.452295309281908,
                                    "count": 895034,
                                    "self": 0.0,
                                    "children": {
                                        "worker_root": {
                                            "total": 15598.224264957476,
                                            "count": 895034,
                                            "is_parallel": true,
                                            "self": 4917.962532849808,
                                            "children": {
                                                "steps_from_proto": {
                                                    "total": 0.00046310003381222486,
                                                    "count": 1,
                                                    "is_parallel": true,