{
    "name": "root",
    "metadata": {
        "timer_format_version": "0.1.0",
        "start_time_seconds": "1732872354",
        "python_version": "3.10.8 (tags/v3.10.8:aaaf517, Oct 11 2022, 16:50:30) [MSC v.1933 64 bit (AMD64)]",
        "command_line_arguments": "D:\\GitHub\\kart-game\\Kart Proj\\venv\\Scripts\\mlagents-learn D:\\GitHub\\kart-game\\Kart Proj\\configuration.yaml --resume",
        "mlagents_version": "1.1.0",
        "mlagents_envs_version": "1.1.0",
        "communication_protocol_version": "1.5.0",
        "pytorch_version": "2.4.1+cpu",
        "numpy_version": "1.23.5",
        "end_time_seconds": "1732887893"
    },
    "total": 15539.537993800004,
    "count": 1,
    "self": 0.006015800005116034,
    "children": {
        "run_training.setup": {
            "total": 0.07955429999856278,
            "count": 1,
            "self": 0.07955429999856278
        },
        "TrainerController.start_learning": {
            "total": 15539.4524237,
            "count": 1,
            "self": 22.293328998501238,
            "children": {
                "TrainerController._reset_env": {
                    "total": 9.067271100000653,
                    "count": 1,
                    "self": 9.067271100000653
                },
                "TrainerController.advance": {
                    "total": 15508.0232772015,
                    "count": 927251,
                    "self": 10.156014598855108,
                    "children": {
                        "env_step": {
                            "total": 15497.867262602645,
                            "count": 927251,
                            "self": 13727.991304103147,
                            "children": {
                                "SubprocessEnvManager._take_step": {
                                    "total": 1758.7377808976817,
                                    "count": 927252,
                                    "self": 60.31258679651364,
                                    "children": {
                                        "TorchPolicy.evaluate": {
                                            "total": 1698.425194101168,
                                            "count": 831252,
                                            "self": 1698.425194101168
                                        }
                                    }
                                },
                                "workers": {
                                    "total": 11.138177601817006,
                                    "count": 927250,
                                    "self": 0.0,
                                    "children": {
                                        "worker_root": {
                                            "total": 15424.99668339995,
                                            "count": 927250,
                                            "is_parallel": true,
                                            "self": 5218.004897803228,
                                            "children": {
                                                "steps_from_proto": {
                                                    "total": 0.0008756000024732202,
                                                    "count": 2,
                                                    "is_parallel": true,
                                                    "self": 0.00016529999993508682,
                                                    "children": {
                                                        "_process_rank_one_or_two_observation": {
                                                            "total": 0.0007103000025381334,
                                                            "count": 12,
                                                            "is_parallel": true,
                                                            "self": 0.0007103000025381334
                                                        }
                                                    }
                                                },
                                                "UnityEnvironment.step": {
                                                    "total": 10206.990909996719,
                                                    "count": 927250,
                                                    "is_parallel": true,
                                                    "self": 194.17474229407526,
                                                    "children": {
                                                        "UnityEnvironment._generate_step_input": {
                                                            "total": 212.95474560246657,
                                                            "count": 927250,
                                                            "is_parallel": true,
                                                            "self": 212.95474560246657
                                                        },
                                                        "communicator.exchange": {
                                                            "total": 9357.830433498239,
                                                            "count": 927250,
                                                            "is_parallel": true,
                                                            "self": 9357.830433498239
                                                        },
                                                        "steps_from_proto": {
                                                            "total": 442.0309886019386,
                                                            "count": 927250,
                                                            "is_parallel": true,
                                                            "self": 84.17041921502096,
                                                            "children": {
                                                                "_process_rank_one_or_two_observation": {
                                                                    "total": 357.86056938691763,
                                                                    "count": 5563500,
                                                                    "is_parallel": true,
                                                                    "self": 357.86056938691763
                                                                }
                                                            }
                                                        }
                                                    }
                                                }
                                            }
                                        }
                                    }
                                }
                            }
                        }
                    }
                },
                "TrainerController._save_models": {
                    "total": 0.06854639999801293,
                    "count": 1,
                    "self": 0.0020597999973688275,
                    "children": {
                        "RLTrainer._checkpoint": {
                            "total": 0.0664866000006441,
                            "count": 1,
                            "self": 0.0664866000006441
                        }
                    }
                }
            }
        }
    }
}