{
    "name": "root",
    "gauges": {
        "KartAI.Policy.Entropy.mean": {
            "value": 0.8350138664245605,
            "min": 0.8337299227714539,
            "max": 1.3999236822128296,
            "count": 90
        },
        "KartAI.Policy.Entropy.sum": {
            "value": 10250.6298828125,
            "min": 8585.2568359375,
            "max": 17121.822265625,
            "count": 90
        },
        "KartAI.Environment.EpisodeLength.mean": {
            "value": 247.83333333333334,
            "min": 79.17692307692307,
            "max": 264.44444444444446,
            "count": 90
        },
        "KartAI.Environment.EpisodeLength.sum": {
            "value": 11896.0,
            "min": 10139.0,
            "max": 13206.0,
            "count": 90
        },
        "KartAI.Step.mean": {
            "value": 1115864.0,
            "min": 47998.0,
            "max": 1115864.0,
            "count": 90
        },
        "KartAI.Step.sum": {
            "value": 1115864.0,
            "min": 47998.0,
            "max": 1115864.0,
            "count": 90
        },
        "KartAI.Policy.ExtrinsicValueEstimate.mean": {
            "value": 6.735707759857178,
            "min": -4.791388511657715,
            "max": 6.834996700286865,
            "count": 90
        },
        "KartAI.Policy.ExtrinsicValueEstimate.sum": {
            "value": 323.31396484375,
            "min": -618.089111328125,
            "max": 323.31396484375,
            "count": 90
        },
        "KartAI.Environment.CumulativeReward.mean": {
            "value": 30.760626941919327,
            "min": -4.986178196677866,
            "max": 34.117201529608835,
            "count": 90
        },
        "KartAI.Environment.CumulativeReward.sum": {
            "value": 1476.5100932121277,
            "min": -643.2169873714447,
            "max": 1545.5220956802368,
            "count": 90
        },
        "KartAI.Policy.ExtrinsicReward.mean": {
            "value": 30.760626941919327,
            "min": -4.986178196677866,
            "max": 34.117201529608835,
            "count": 90
        },
        "KartAI.Policy.ExtrinsicReward.sum": {
            "value": 1476.5100932121277,
            "min": -643.2169873714447,
            "max": 1545.5220956802368,
            "count": 90
        },
        "KartAI.IsTraining.mean": {
            "value": 1.0,
            "min": 1.0,
            "max": 1.0,
            "count": 90
        },
        "KartAI.IsTraining.sum": {
            "value": 1.0,
            "min": 1.0,
            "max": 1.0,
            "count": 90
        },
        "KartAI.Losses.PolicyLoss.mean": {
            "value": 0.07141063677603471,
            "min": 0.06553657078863277,
            "max": 0.0785375139474805,
            "count": 88
        },
        "KartAI.Losses.PolicyLoss.sum": {
            "value": 0.07141063677603471,
            "min": 0.06553657078863277,
            "max": 0.0785375139474805,
            "count": 88
        },
        "KartAI.Losses.ValueLoss.mean": {
            "value": 2.9496459280303604,
            "min": 1.0685912654797236,
            "max": 3.5098060580094654,
            "count": 88
        },
        "KartAI.Losses.ValueLoss.sum": {
            "value": 2.9496459280303604,
            "min": 1.0685912654797236,
            "max": 3.5098060580094654,
            "count": 88
        },
        "KartAI.Policy.LearningRate.mean": {
            "value": 0.0002993370320209894,
            "min": 0.0002993370320209894,
            "max": 0.0002999702148099283,
            "count": 88
        },
        "KartAI.Policy.LearningRate.sum": {
            "value": 0.0002993370320209894,
            "min": 0.0002993370320209894,
            "max": 0.0002999702148099283,
            "count": 88
        },
        "KartAI.Policy.Epsilon.mean": {
            "value": 0.19977901059999997,
            "min": 0.19977901059999997,
            "max": 0.1999900716,
            "count": 88
        },
        "KartAI.Policy.Epsilon.sum": {
            "value": 0.19977901059999997,
            "min": 0.19977901059999997,
            "max": 0.1999900716,
            "count": 88
        },
        "KartAI.Policy.Beta.mean": {
            "value": 0.00099781220494,
            "min": 0.00099781220494,
            "max": 0.00099990170884,
            "count": 88
        },
        "KartAI.Policy.Beta.sum": {
            "value": 0.00099781220494,
            "min": 0.00099781220494,
            "max": 0.00099990170884,
            "count": 88
        }
    },
    "metadata": {
        "timer_format_version": "0.1.0",
        "start_time_seconds": "1733920958",
        "python_version": "3.10.8 (tags/v3.10.8:aaaf517, Oct 11 2022, 16:50:30) [MSC v.1933 64 bit (AMD64)]",
        "command_line_arguments": "D:\\GitHub\\kart-game\\Kart Proj\\venv\\Scripts\\mlagents-learn D:\\GitHub\\kart-game\\Kart Proj\\configuration.yaml --resume",
        "mlagents_version": "1.1.0",
        "mlagents_envs_version": "1.1.0",
        "communication_protocol_version": "1.5.0",
        "pytorch_version": "2.4.1+cpu",
        "numpy_version": "1.23.5",
        "end_time_seconds": "1733922687"
    },
    "total": 1729.2576057000551,
    "count": 1,
    "self": 0.005322800017893314,
    "children": {
        "run_training.setup": {
            "total": 0.07752330007497221,
            "count": 1,
            "self": 0.07752330007497221
        },
        "TrainerController.start_learning": {
            "total": 1729.1747595999623,
            "count": 1,
            "self": 2.2187787792645395,
            "children": {
                "TrainerController._reset_env": {
                    "total": 6.352939900010824,
                    "count": 1,
                    "self": 6.352939900010824
                },
                "TrainerController.advance": {
                    "total": 1720.5507251208182,
                    "count": 95763,
                    "self": 0.99415223300457,
                    "children": {
                        "env_step": {
                            "total": 1719.5565728878137,
                            "count": 95763,
                            "self": 1563.505099275848,
                            "children": {
                                "SubprocessEnvManager._take_step": {
                                    "total": 154.9115328999469,
                                    "count": 95764,
                                    "self": 5.16249709983822,
                                    "children": {
                                        "TorchPolicy.evaluate": {
                                            "total": 149.7490358001087,
                                            "count": 90628,
                                            "self": 149.7490358001087
                                        }
                                    }
                                },
                                "workers": {
                                    "total": 1.1399407120188698,
                                    "count": 95762,
                                    "self": 0.0,
                                    "children": {
                                        "worker_root": {
                                            "total": 1665.451757039642,
                                            "count": 95762,
                                            "is_parallel": true,
                                            "self": 311.5170964382123,
                                            "children": {
                                                "steps_from_proto": {
                                                    "total": 0.001310399966314435,
                                                    "count": 2,
                                                    "is_parallel": true,
                                                    "self": 0.00032789993565529585,