{
    "name": "root",
    "gauges": {
        "KartAI.Policy.Entropy.mean": {
            "value": 1.2049208879470825,
            "min": 1.2049208879470825,
            "max": 1.2480415105819702,
            "count": 66
        },
        "KartAI.Policy.Entropy.sum": {
            "value": 13215.572265625,
            "min": 10209.9111328125,
            "max": 17033.87890625,
            "count": 66
        },
        "KartAI.Environment.EpisodeLength.mean": {
            "value": 200.864406779661,
            "min": 124.225,
            "max": 239.04,
            "count": 66
        },
        "KartAI.Environment.EpisodeLength.sum": {
            "value": 11851.0,
            "min": 4969.0,
            "max": 13182.0,
            "count": 66
        },
        "KartAI.Step.mean": {
            "value": 24479666.0,
            "min": 23699965.0,
            "max": 24479666.0,
            "count": 66
        },
        "KartAI.Step.sum": {
            "value": 24479666.0,
            "min": 23699965.0,
            "max": 24479666.0,
            "count": 66
        },
        "KartAI.Policy.ExtrinsicValueEstimate.mean": {
            "value": 56.721744537353516,
            "min": 51.805843353271484,
            "max": 67.24433898925781,
            "count": 66
        },
        "KartAI.Policy.ExtrinsicValueEstimate.sum": {
            "value": 3346.5830078125,
            "min": 2417.52197265625,
            "max": 5190.82275390625,
            "count": 66
        },
        "KartAI.Environment.CumulativeReward.mean": {
            "value": 259.90646908646926,
            "min": 174.33464516126193,
            "max": 291.11125946961914,
            "count": 66
        },
        "KartAI.Environment.CumulativeReward.sum": {
            "value": 15334.481676101685,
            "min": 6799.051161289215,
            "max": 16873.972818374634,
            "count": 66
        },
        "KartAI.Policy.ExtrinsicReward.mean": {
            "value": 259.90646908646926,
            "min": 174.33464516126193,
            "max": 291.11125946961914,
            "count": 66
        },
        "KartAI.Policy.ExtrinsicReward.sum": {
            "value": 15334.481676101685,
            "min": 6799.051161289215,
            "max": 16873.972818374634,
            "count": 66
        },
        "KartAI.IsTraining.mean": {
            "value": 1.0,
            "min": 1.0,
            "max": 1.0,
            "count": 66
        },
        "KartAI.IsTraining.sum": {
            "value": 1.0,
            "min": 1.0,
            "max": 1.0,
            "count": 66
        },
        "KartAI.Losses.PolicyLoss.mean": {
            "value": 0.0816115488542376,
            "min": 0.06424971010615468,
            "max": 0.10756385942844574,
            "count": 64
        },
        "KartAI.Losses.PolicyLoss.sum": {
            "value": 0.0816115488542376,
            "min": 0.06424971010615468,
            "max": 0.10756385942844574,
            "count": 64
        },
        "KartAI.Losses.ValueLoss.mean": {
            "value": 225.9323129781087,
            "min": 177.510147333932,
            "max": 427.1755406188965,
            "count": 64
        },
        "KartAI.Losses.ValueLoss.sum": {
            "value": 225.9323129781087,
            "min": 177.510147333932,
            "max": 427.1755406188965,
            "count": 64
        },
        "KartAI.Policy.LearningRate.mean": {
            "value": 0.00028531592109469456,
            "min": 0.00028531592109469456,
            "max": 0.00028577572734142574,
            "count": 64
        },
        "KartAI.Policy.LearningRate.sum": {
            "value": 0.00028531592109469456,
            "min": 0.00028531592109469456,
            "max": 0.00028577572734142574,
            "count": 64
        },
        "KartAI.Policy.Epsilon.mean": {
            "value": 0.1951053054,
            "min": 0.1951053054,
            "max": 0.19525857419999998,
            "count": 64
        },
        "KartAI.Policy.Epsilon.sum": {
            "value": 0.1951053054,
            "min": 0.1951053054,
            "max": 0.19525857419999998,
            "count": 64
        },
        "KartAI.Policy.Beta.mean": {
            "value": 0.0009515425234599998,
            "min": 0.0009515425234599998,
            "max": 0.0009530598845800002,
            "count": 64
        },
        "KartAI.Policy.Beta.sum": {
            "value": 0.0009515425234599998,
            "min": 0.0009515425234599998,
            "max": 0.0009530598845800002,
            "count": 64
        }
    },
    "metadata": {
        "timer_format_version": "0.1.0",
        "start_time_seconds": "1732843274",
        "python_version": "3.10.8 (tags/v3.10.8:aaaf517, Oct 11 2022, 16:50:30) [MSC v.1933 64 bit (AMD64)]",
        "command_line_arguments": "D:\\GitHub\\kart-game\\Kart Proj\\venv\\Scripts\\mlagents-learn D:\\GitHub\\kart-game\\Kart Proj\\configuration.yaml --resume",
        "mlagents_version": "1.1.0",
        "mlagents_envs_version": "1.1.0",
        "communication_protocol_version": "1.5.0",
        "pytorch_version": "2.4.1+cpu",
        "numpy_version": "1.23.5",
        "end_time_seconds": "1732844066"
    },
    "total": 791.7904452000002,
    "count": 1,
    "self": 0.004192900003545219,
    "children": {
        "run_training.setup": {
            "total": 0.09793539999736822,
            "count": 1,
            "self": 0.09793539999736822
        },
        "TrainerController.start_learning": {
            "total": 791.6883168999993,
            "count": 1,
            "self": 1.1150346999274916,
            "children": {
                "TrainerController._reset_env": {
                    "total": 13.524329500000022,
                    "count": 1,
                    "self": 13.524329500000022
                },
                "TrainerController.advance": {
                    "total": 777.0020379000744,
                    "count": 36974,
                    "self": 0.4700557003779977,
                    "children": {
                        "env_step": {
                            "total": 776.5319821996964,
                            "count": 36974,
                            "self": 684.6676144997291,
                            "children": {
                                "SubprocessEnvManager._take_step": {
                                    "total": 91.3644011999786,
                                    "count": 36974,
                                    "self": 2.763609499550512,
                                    "children": {
                                        "TorchPolicy.evaluate": {
                                            "total": 88.60079170042809,
                                            "count": 33321,
                                            "self": 88.60079170042809
                                        }
                                    }
                                },
                                "workers": {
                                    "total": 0.49996649998865905,
                                    "count": 36973,
                                    "self": 0.0,
                                    "children": {
                                        "worker_root": {
                                            "total": 715.0338276997281,
                                            "count": 36973,
                                            "is_parallel": true,
                                            "self": 237.18640729987237,
                                            "children": {
                                                "steps_from_proto": {
                                                    "total": 0.0004485000026761554,
                                                    "count": 1,
                                                    "is_parallel": true,
                                                    "self": 8.090000483207405e-05,