{
    "name": "root",
    "metadata": {
        "timer_format_version": "0.1.0",
        "start_time_seconds": "1732629170",
        "python_version": "3.10.8 (tags/v3.10.8:aaaf517, Oct 11 2022, 16:50:30) [MSC v.1933 64 bit (AMD64)]",
        "command_line_arguments": "D:\\GitHub\\kart-game\\Kart Proj\\venv\\Scripts\\mlagents-learn D:\\GitHub\\kart-game\\Kart Proj\\configuration.yaml",
        "mlagents_version": "1.1.0",
        "mlagents_envs_version": "1.1.0",
        "communication_protocol_version": "1.5.0",
        "pytorch_version": "2.4.1+cpu",
        "numpy_version": "1.23.5",
        "end_time_seconds": "1732629903"
    },
    "total": 733.1282097999938,
    "count": 1,
    "self": 0.032853299999260344,
    "children": {
        "run_training.setup": {
            "total": 0.17099329999473412,
            "count": 1,
            "self": 0.17099329999473412
        },
        "TrainerController.start_learning": {
            "total": 732.9243631999998,
            "count": 1,
            "self": 1.5904277998488396,
            "children": {
                "TrainerController._reset_env": {
                    "total": 12.344010700006038,
                    "count": 1,
                    "self": 12.344010700006038
                },
                "TrainerController.advance": {
                    "total": 718.9160720001382,
                    "count": 60387,
                    "self": 0.7086066013434902,
                    "children": {
                        "env_step": {
                            "total": 718.2074653987947,
                            "count": 60387,
                            "self": 600.7721978998889,
                            "children": {
                                "SubprocessEnvManager._take_step": {
                                    "total": 116.71386520085798,
                                    "count": 60387,
                                    "self": 3.8577269021916436,
                                    "children": {
                                        "TorchPolicy.evaluate": {
                                            "total": 112.85613829866634,
                                            "count": 57144,
                                            "self": 112.85613829866634
                                        }
                                    }
                                },
                                "workers": {
                                    "total": 0.7214022980479058,
                                    "count": 60386,
                                    "self": 0.0,
                                    "children": {
                                        "worker_root": {
                                            "total": 663.4320226994023,
                                            "count": 60386,
                                            "is_parallel": true,
                                            "self": 259.46152759945835,
                                            "children": {
                                                "steps_from_proto": {
                                                    "total": 0.0003895999980159104,
                                                    "count": 1,
                                                    "is_parallel": true,
                                                    "self": 8.030002936720848e-05,
                                                    "children": {
                                                        "_process_rank_one_or_two_observation": {
                                                            "total": 0.0003092999686487019,
                                                            "count": 6,
                                                            "is_parallel": true,
                                                            "self": 0.0003092999686487019
                                                        }
                                                    }
                                                },
                                                "UnityEnvironment.step": {
                                                    "total": 403.97010549994593,
                                                    "count": 60386,
                                                    "is_parallel": true,
                                                    "self": 8.66466320338077,
                                                    "children": {
                                                        "UnityEnvironment._generate_step_input": {
                                                            "total": 9.323728100018343,
                                                            "count": 60386,
                                                            "is_parallel": true,
                                                            "self": 9.323728100018343
                                                        },
                                                        "communicator.exchange": {
                                                            "total": 364.552759498838,
                                                            "count": 60386,
                                                            "is_parallel": true,
                                                            "self": 364.552759498838
                                                        },
                                                        "steps_from_proto": {
                                                            "total": 21.428954697708832,
                                                            "count": 60386,
                                                            "is_parallel": true,
                                                            "self": 5.0199810004851315,
                                                            "children": {
                                                                "_process_rank_one_or_two_observation": {
                                                                    "total": 16.4089736972237,
                                                                    "count": 362316,
                                                                    "is_parallel": true,
                                                                    "self": 16.4089736972237
                                                                }
                                                            }
                                                        }
                                                    }
                                                }
                                            }
                                        }
                                    }
                                }
                            }
                        }
                    }
                },
                "TrainerController._save_models": {
                    "total": 0.07385270000668243,
                    "count": 1,
                    "self": 0.002013500008615665,
                    "children": {
                        "RLTrainer._checkpoint": {
                            "total": 0.07183919999806676,
                            "count": 1,
                            "self": 0.07183919999806676
                        }
                    }
                }
            }
        }
    }
}