{
    "name": "root",
    "gauges": {
        "KartAI.Policy.Entropy.mean": {
            "value": 1.3440344333648682,
            "min": 0.1282900720834732,
            "max": 1.4088441133499146,
            "count": 434
        },
        "KartAI.Policy.Entropy.sum": {
            "value": 17708.998046875,
            "min": 557.2920532226562,
            "max": 19396.94140625,
            "count": 434
        },
        "KartAI.Environment.EpisodeLength.mean": {
            "value": 313.13953488372096,
            "min": 113.8952380952381,
            "max": 346.1081081081081,
            "count": 434
        },
        "KartAI.Environment.EpisodeLength.sum": {
            "value": 13465.0,
            "min": 2820.0,
            "max": 14662.0,
            "count": 434
        },
        "KartAI.Step.mean": {
            "value": 22055869.0,
            "min": 16859906.0,
            "max": 22055869.0,
            "count": 434
        },
        "KartAI.Step.sum": {
            "value": 22055869.0,
            "min": 16859906.0,
            "max": 22055869.0,
            "count": 434
        },
        "KartAI.Policy.ExtrinsicValueEstimate.mean": {
            "value": 51.28121566772461,
            "min": -4.97531270980835,
            "max": 56.37447738647461,
            "count": 434
        },
        "KartAI.Policy.ExtrinsicValueEstimate.sum": {
            "value": 2307.65478515625,
            "min": -507.4819030761719,
            "max": 2818.723876953125,
            "count": 434
        },
        "KartAI.Environment.CumulativeReward.mean": {
            "value": 278.28471103244357,
            "min": -1.3070968887180958,
            "max": 303.26286466498124,
            "count": 434
        },
        "KartAI.Environment.CumulativeReward.sum": {
            "value": 12522.811996459961,
            "min": -134.63097953796387,
            "max": 12522.811996459961,
            "count": 434
        },
        "KartAI.Policy.ExtrinsicReward.mean": {
            "value": 278.28471103244357,
            "min": -1.3070968887180958,
            "max": 303.26286466498124,
            "count": 434
        },
        "KartAI.Policy.ExtrinsicReward.sum": {
            "value": 12522.811996459961,
            "min": -134.63097953796387,
            "max": 12522.811996459961,
            "count": 434
        },
        "KartAI.IsTraining.mean": {
            "value": 1.0,
            "min": 1.0,
            "max": 1.0,
            "count": 434
        },
        "KartAI.IsTraining.sum": {
            "value": 1.0,
            "min": 1.0,
            "max": 1.0,
            "count": 434
        },
        "KartAI.Losses.PolicyLoss.mean": {
            "value": 0.07288986428884424,
            "min": 0.0654333293041537,
            "max": 0.20496310102338394,
            "count": 427
        },
        "KartAI.Losses.PolicyLoss.sum": {
            "value": 0.07288986428884424,
            "min": 0.0654333293041537,
            "max": 0.20496310102338394,
            "count": 427
        },
        "KartAI.Losses.ValueLoss.mean": {
            "value": 107.28824570599724,
            "min": 52.88927643595178,
            "max": 296.6339925633799,
            "count": 427
        },
        "KartAI.Losses.ValueLoss.sum": {
            "value": 107.28824570599724,
            "min": 52.88927643595178,
            "max": 296.6339925633799,
            "count": 427
        },
        "KartAI.Policy.LearningRate.mean": {
            "value": 0.00028676691441102995,
            "min": 0.00028676691441102995,
            "max": 0.00028987834357388666,
            "count": 427
        },
        "KartAI.Policy.LearningRate.sum": {
            "value": 0.00028676691441102995,
            "min": 0.00028676691441102995,
            "max": 0.00028987834357388666,
            "count": 427
        },
        "KartAI.Policy.Epsilon.mean": {
            "value": 0.19558897,
            "min": 0.19558897,
            "max": 0.19662611340000002,
            "count": 427
        },
        "KartAI.Policy.Epsilon.sum": {
            "value": 0.19558897,
            "min": 0.19558897,
            "max": 0.19662611340000002,
            "count": 427
        },
        "KartAI.Policy.Beta.mean": {
            "value": 0.000956330803,
            "min": 0.000956330803,
            "max": 0.0009665985226600001,
            "count": 427
        },
        "KartAI.Policy.Beta.sum": {
            "value": 0.000956330803,
            "min": 0.000956330803,
            "max": 0.0009665985226600001,
            "count": 427
        }
    },
    "metadata": {
        "timer_format_version": "0.1.0",
        "start_time_seconds": "1732821721",
        "python_version": "3.10.8 (tags/v3.10.8:aaaf517, Oct 11 2022, 16:50:30) [MSC v.1933 64 bit (AMD64)]",
        "command_line_arguments": "D:\\GitHub\\kart-game\\Kart Proj\\venv\\Scripts\\mlagents-learn D:\\GitHub\\kart-game\\Kart Proj\\configuration.yaml --resume",
        "mlagents_version": "1.1.0",
        "mlagents_envs_version": "1.1.0",
        "communication_protocol_version": "1.5.0",
        "pytorch_version": "2.4.1+cpu",
        "numpy_version": "1.23.5",
        "end_time_seconds": "1732826146"
    },
    "total": 4424.142066499975,
    "count": 1,
    "self": 0.005060700001195073,
    "children": {
        "run_training.setup": {
            "total": 0.07590579998213798,
            "count": 1,
            "self": 0.07590579998213798
        },
        "TrainerController.start_learning": {
            "total": 4424.061099999992,
            "count": 1,
            "self": 6.438371692143846,
            "children": {
                "TrainerController._reset_env": {
                    "total": 10.26031260000309,
                    "count": 1,
                    "self": 10.26031260000309
                },
                "TrainerController.advance": {
                    "total": 4407.31526230782,
                    "count": 237711,
                    "self": 2.8210333944880404,
                    "children": {
                        "env_step": {
                            "total": 4404.494228913332,
                            "count": 237711,
                            "self": 3811.3184243157157,
                            "children": {
                                "SubprocessEnvManager._take_step": {
                                    "total": 590.1969504910521,
                                    "count": 237711,
                                    "self": 17.18094019254204,
                                    "children": {
                                        "TorchPolicy.evaluate": {
                                            "total": 573.0160102985101,
                                            "count": 217211,
                                            "self": 573.0160102985101
                                        }
                                    }
                                },
                                "workers": {
                                    "total": 2.9788541065645404,
                                    "count": 237710,
                                    "self": 0.0,
                                    "children": {
                                        "worker_root": {
                                            "total": 4407.493634204438,
                                            "count": 237710,
                                            "is_parallel": true,
                                            "self": 1356.597354178899,
                                            "children": {
                                                "steps_from_proto": {
                                                    "total": 0.0009771999903023243,
                                                    "count": 1,
                                                    "is_parallel": true,
                                                    "self": 0.000185999961104244,